{"variants":{"":[{"model":"chipped:block/frosted_acacia_leaves_top1"},{"model":"chipped:block/frosted_acacia_leaves_top1","y":90},{"model":"chipped:block/frosted_acacia_leaves_top1","y":180},{"model":"chipped:block/frosted_acacia_leaves_top1","y":270},{"model":"chipped:block/frosted_acacia_leaves_top2"},{"model":"chipped:block/frosted_acacia_leaves_top2","y":90},{"model":"chipped:block/frosted_acacia_leaves_top2","y":180},{"model":"chipped:block/frosted_acacia_leaves_top2","y":270},{"model":"chipped:block/frosted_acacia_leaves_top3"},{"model":"chipped:block/frosted_acacia_leaves_top3","y":90},{"model":"chipped:block/frosted_acacia_leaves_top3","y":180},{"model":"chipped:block/frosted_acacia_leaves_top3","y":270},{"model":"chipped:block/frosted_acacia_leaves_top4"},{"model":"chipped:block/frosted_acacia_leaves_top4","y":90},{"model":"chipped:block/frosted_acacia_leaves_top4","y":180},{"model":"chipped:block/frosted_acacia_leaves_top4","y":270}]}}