{"variants":{"":[{"model":"chipped:block/red_birch_leaves1"},{"model":"chipped:block/red_birch_leaves1","y":90},{"model":"chipped:block/red_birch_leaves1","y":180},{"model":"chipped:block/red_birch_leaves1","y":270},{"model":"chipped:block/red_birch_leaves2"},{"model":"chipped:block/red_birch_leaves2","y":90},{"model":"chipped:block/red_birch_leaves2","y":180},{"model":"chipped:block/red_birch_leaves2","y":270},{"model":"chipped:block/red_birch_leaves3"},{"model":"chipped:block/red_birch_leaves3","y":90},{"model":"chipped:block/red_birch_leaves3","y":180},{"model":"chipped:block/red_birch_leaves3","y":270},{"model":"chipped:block/red_birch_leaves4"},{"model":"chipped:block/red_birch_leaves4","y":90},{"model":"chipped:block/red_birch_leaves4","y":180},{"model":"chipped:block/red_birch_leaves4","y":270}]}}